{"cameraMode":{"drawMode":0,"name":"Shaded","section":"Shading Mode"},"sceneLighting":false,"audioPlay":false,"sceneViewState":{"showFog":true,"showMaterialUpdate":false,"showSkybox":true,"showFlares":true,"showImageEffects":true,"showParticleSystems":true},"in2DMode":false,"pivot":{"x":-1.8845672607421876,"y":1.4241423606872559,"z":0.5793962478637695},"rotation":{"x":0.12814950942993165,"y":0.6826130747795105,"z":-0.12333380430936814,"w":0.708806037902832},"size":2.8578836917877199,"orthographic":false}